{
    "3g2z": 4.585741013598449,
    "3f3c": 4.56259910509802,
    "2hb1": 5.932479427642867,
    "5tmn": 5.165287731291962,
    "2v00": 7.434571307245013,
    "3d6q": 3.665802705039082,
    "3arq": 6.221021073743158,
    "4dld": 4.583789136579539,
    "2zy1": 6.96987792549823,
    "3jya": 4.974170722333837,
    "3b5r": 7.696761420892473,
    "3ryj": 8.492896780693231,
    "4m0y": 7.072235984117095,
    "4wiv": 5.009940681608723,
    "3pww": 7.827024898620434,
    "3l7b": 3.8624480170775244,
    "4cr9": 4.837105305233808,
    "3kgp": 3.741022896814709,
    "5a7b": 6.5383305665048805,
    "4eor": 6.69817577054575,
    "1h23": 7.351295996726965,
    "2j7h": 6.159736935410792,
    "3gnw": 7.243096395217187,
    "4mme": 6.52141209365025,
    "3rsx": 4.827576020871157,
    "4jxs": 3.5089140484804604,
    "3n76": 6.098628412702531,
    "2xdl": 5.386754769584169,
    "3ejr": 7.5109571986509485,
    "2r9w": 4.878415227674067,
    "4w9l": 6.592753064689342,
    "1oyt": 7.756248510807064,
    "2qe4": 8.447252001582143,
    "5c2h": 7.907513917290178,
    "2vkm": 8.12829086542319,
    "2qnq": 6.097757597742789,
    "4lzs": 5.560077852329878,
    "3dd0": 8.320373725262554,
    "3arv": 5.496611629019313,
    "2pog": 8.617090725525793,
    "2wer": 7.426986592617752,
    "3uri": 6.314953170496115,
    "2weg": 7.208749669049909,
    "2xys": 6.734827940780493,
    "2qbq": 6.952924145207738,
    "3pyy": 6.589570878148905,
    "3zso": 4.238658055728734,
    "4k18": 6.559675047287317,
    "4djv": 7.305337953080777,
    "4cig": 3.58870917197502,
    "3arp": 5.19831576504484,
    "1nvq": 7.628077271335397,
    "3fv2": 8.063283050556704,
    "2xb8": 6.987365212414435,
    "4rfm": 8.59879079103315,
    "1o0h": 6.052040661801379,
    "4u4s": 5.81128403604921,
    "3rlr": 7.599678373713439,
    "1pxn": 6.856972868039216,
    "4j28": 6.091437535861863,
    "4owm": 4.435780077088383,
    "4e6q": 7.868172846920983,
    "1q8u": 6.260146041973889,
    "2zb1": 8.222394945549986,
    "1s38": 6.452496136940793,
    "3n86": 6.409152639969075,
    "1uto": 2.133196176725802,
    "2wvt": 5.827327889094163,
    "4abg": 3.9846199125756305,
    "4dli": 6.681342121560465,
    "3prs": 7.73417314623803,
    "3e92": 8.487310121793366,
    "3oe5": 5.708464191615669,
    "3f3e": 6.377902853278985,
    "2xj7": 5.530477476576776,
    "4f2w": 11.208911707457634,
    "3p5o": 7.217489803272165,
    "3ivg": 5.604730875740567,
    "3syr": 4.7443447132851215,
    "4hge": 7.4651242388060615,
    "3uev": 6.440757419599648,
    "4ih5": 5.443351646329029,
    "4j3l": 7.455102202330381,
    "3fcq": 4.105391276314793,
    "3zsx": 3.565152651595049,
    "2brb": 5.406339180386904,
    "4ddh": 5.691154541144367,
    "4ddk": 2.854490188426884,
    "3ebp": 5.9930089229735355,
    "3mss": 4.6228067856667066,
    "1g2k": 8.830382262802079,
    "3gy4": 4.732227092688539,
    "1o3f": 7.626652505194596,
    "1eby": 8.650890670938361,
    "3u9q": 6.157129668206234,
    "3u8k": 7.572420417513194,
    "3gr2": 4.556298985264986,
    "3ueu": 6.436233246944259,
    "4kzq": 6.607011835925676,
    "3zt2": 2.9501253176094595,
    "1gpn": 6.949360000386492,
    "4agp": 5.315062834645582,
    "1qkt": 8.664450702775303,
    "2vw5": 5.615024821651655,
    "1k1i": 7.014182436928329,
    "2yge": 5.24570068453674,
    "3g0w": 8.814601093926143,
    "2xbv": 8.072275337220658,
    "4qd6": 7.516267809819027,
    "3ao4": 3.8838577585878227,
    "1p1q": 7.395790466187646,
    "3rr4": 6.384247145511709,
    "1e66": 7.867241145523129,
    "3uex": 6.711783129400252,
    "3twp": 4.628075210975928,
    "3aru": 4.5719343351940696,
    "2wca": 7.168648037441055,
    "4k77": 7.610445860445862,
    "3o9i": 11.959990298087021,
    "4tmn": 6.300123819086829,
    "3bv9": 5.8033113912067815,
    "3uew": 6.6999989143002505,
    "2qbr": 7.037790685006271,
    "2qbp": 6.657268228647078,
    "2w4x": 7.2324136201416325,
    "3e93": 8.724817443952894,
    "2al5": 6.844102301539767,
    "3zdg": 5.53303184963834,
    "3gbb": 7.755896226335206,
    "4f09": 7.416754845720443,
    "3dx1": 6.468835908454694,
    "4ty7": 8.200465814576228,
    "3u8n": 7.6954147660034575,
    "4ivd": 7.838293895367062,
    "3ary": 6.366445420926287,
    "3f3a": 4.106561329851743,
    "3fv1": 8.585848757171636,
    "3dx2": 7.217581568657034,
    "3uo4": 7.119116930508498,
    "1mq6": 8.85619683057818,
    "4e5w": 7.971187683776898,
    "1z9g": 6.498758204190315,
    "3ozt": 6.106052103613746,
    "2wbg": 6.04995047160458,
    "1owh": 7.385630035181435,
    "4ea2": 5.608964749072919,
    "3f3d": 6.291989525991964,
    "1w4o": 4.732122588893343,
    "4gid": 8.289677990778937,
    "1gpk": 5.977506033515707,
    "4de2": 5.523043143103668,
    "2p4y": 5.31434241487422,
    "4m0z": 6.703443599851456,
    "2wtv": 6.6919767173472735,
    "4eky": 4.446864696605357,
    "4w9c": 5.704548529300194,
    "2p15": 6.631996134694613,
    "2zda": 7.3107057116752525,
    "4ivb": 8.38140756244062,
    "2yfe": 6.714253774191943,
    "2br1": 5.385149777329958,
    "3myg": 8.186674085344883,
    "3b1m": 6.261123022016516,
    "3ehy": 7.820287564612753,
    "3up2": 7.692549243394907,
    "5dwr": 9.65305164665596,
    "4j21": 7.05073224382352,
    "4w9h": 6.525571427952861,
    "1o5b": 5.248028181046609,
    "4crc": 8.248053024352071,
    "2zcr": 7.2456623962286315,
    "3g31": 4.149817100219333,
    "4gfm": 7.1765695847982105,
    "2wn9": 5.969859959145399,
    "4kz6": 5.069471712631708,
    "1vso": 5.007648821720779,
    "1r5y": 6.624271984395859,
    "3uuo": 6.532131943041746,
    "4twp": 8.179221094589519,
    "2cbv": 2.6945297714452137,
    "3nw9": 7.884211869511045,
    "2ymd": 5.400526433176855,
    "3pxf": 4.801151892754395,
    "1bzc": 7.678989110110172,
    "3jvs": 7.301074106268756,
    "4gr0": 8.630868350358838,
    "2x00": 7.294669376946697,
    "2c3i": 7.350577067501584,
    "3udh": 4.7817543146214145,
    "4cra": 8.56130558462736,
    "2fxs": 5.616994813859894,
    "4qac": 7.428014498173946,
    "2j78": 5.076868338631544,
    "4pcs": 6.222157358022427,
    "5aba": 4.9237731049086735,
    "3qgy": 7.210513455006538,
    "3ui7": 6.989963253952364,
    "3ozs": 5.632597589938844,
    "3wtj": 6.943100874837927,
    "3wz8": 5.191487959428281,
    "3b68": 7.179825280636461,
    "1lpg": 6.988761152350714,
    "1nc3": 8.466195316528589,
    "2wnc": 5.987783898068686,
    "3u5j": 6.341908517037308,
    "4eo8": 6.793960239043354,
    "3n7a": 4.957539577078474,
    "4kzu": 6.75971875162121,
    "1ydr": 6.1712253688903695,
    "2cet": 8.628385721514539,
    "4agn": 4.792778172904962,
    "1p1n": 6.187849374301677,
    "3nx7": 8.000397486446722,
    "1ydt": 6.221793899021192,
    "3gv9": 4.792215149493936,
    "3tsk": 8.733552175395452,
    "3e5a": 7.449697100726594,
    "5c28": 6.318653642516561,
    "4de1": 5.550635844236077,
    "3k5v": 6.801639924514891,
    "4jia": 7.770630423680784,
    "1u1b": 6.037560067638769,
    "2zcq": 6.52111077725664,
    "3nq9": 6.441804677221972,
    "4de3": 5.503953223168563,
    "2yki": 5.954847488078917,
    "3b27": 6.925157817651972,
    "4mgd": 6.7665896561813454,
    "1ps3": 6.131683124488614,
    "3kr8": 7.5201252249166854,
    "1nc1": 6.838024573370503,
    "3bgz": 5.541832952262601,
    "1h22": 7.355195559683124,
    "1sqa": 6.553653752654466,
    "4gkm": 5.290103006507801,
    "3fur": 6.018548734431247,
    "4ogj": 7.217606874743469,
    "2w66": 4.7604072291383135,
    "3ag9": 5.814070151518675,
    "2xii": 5.485631912386883,
    "4ciw": 5.314880402743923,
    "3ge7": 7.098461791778744,
    "1syi": 6.115300441925799,
    "4llx": 4.659550604008902,
    "4ivc": 8.170718452304508,
    "3kwa": 6.3514589921464575,
    "4jfs": 5.235018829934837,
    "1z6e": 9.121180832120782,
    "4f3c": 10.600436958430283,
    "3d4z": 5.856443703608565,
    "4bkt": 6.7267199868119025,
    "2iwx": 6.639310590559517,
    "3r88": 4.104702824174356,
    "3acw": 5.772040377053796,
    "3coy": 4.599907404981757,
    "4jsz": 6.461403343400218,
    "4f9w": 6.824414415803023,