{
    "3g2z": 4.585741013598449,
    "3f3c": 4.612085164425268,
    "2hb1": 6.380886072459617,
    "5tmn": 4.707888954873677,
    "2v00": 6.297923213160095,
    "3d6q": 4.955199682702341,
    "3arq": 6.221021073743158,
    "4dld": 4.032288256848694,
    "2zy1": 6.96987792549823,
    "3jya": 4.974170722333837,
    "3b5r": 7.338385646124979,
    "3ryj": 9.104235867646546,
    "4m0y": 6.838298895039979,
    "4wiv": 4.939437906940926,
    "3pww": 8.36780897534172,
    "3l7b": 5.6501884467562915,
    "4cr9": 5.010455020275898,
    "3kgp": 3.741022896814709,
    "5a7b": 6.907440261801559,
    "4eor": 7.206504802177065,
    "1h23": 6.657525428183231,
    "2j7h": 4.955945261560043,
    "3gnw": 6.456249573452291,
    "4mme": 6.480895460693467,
    "3rsx": 4.48877245930098,
    "4jxs": 3.5089140484804604,
    "3n76": 6.120382057490078,
    "2xdl": 5.386754769584169,
    "3ejr": 6.85927513853925,
    "2r9w": 4.62346887612012,
    "4w9l": 6.546795324955478,
    "1oyt": 7.389664880258878,
    "2qe4": 7.380348250499015,
    "5c2h": 7.907513917290178,
    "2vkm": 7.214224679516971,
    "2qnq": 6.622530703965202,
    "4lzs": 6.235413731992609,
    "3dd0": 7.986251668400007,
    "3arv": 4.68350658190389,
    "2pog": 8.083384994406197,
    "2wer": 6.099033401520823,
    "3uri": 6.314953170496115,
    "2weg": 8.305125751116135,
    "2xys": 5.695333076482928,
    "2qbq": 6.482511019213246,
    "3pyy": 6.589570878148905,
    "3zso": 5.5737411412740805,
    "4k18": 6.964675279278419,
    "4djv": 7.433595031108482,
    "4cig": 5.869456509628932,
    "3arp": 5.19831576504484,
    "1nvq": 7.072843410722285,
    "3fv2": 6.092140192002346,
    "2xb8": 6.048808773327487,
    "4rfm": 8.59879079103315,
    "1o0h": 6.013837109222365,
    "4u4s": 5.81128403604921,
    "3rlr": 7.96934698905862,
    "1pxn": 6.954320152049636,
    "4j28": 5.815260177203144,
    "4owm": 4.435780077088383,
    "4e6q": 7.497211150825753,
    "1q8u": 6.231270509218067,
    "2zb1": 8.686318359233615,
    "1s38": 6.129363877862549,
    "3n86": 6.278920902441168,
    "1uto": 3.984575504491321,
    "2wvt": 5.733259570246021,
    "4abg": 4.280528393860178,
    "4dli": 7.144817288682671,
    "3prs": 7.73417314623803,
    "3e92": 9.009874453531339,
    "3oe5": 5.708464191615669,
    "3f3e": 5.7289605058379625,
    "2xj7": 5.530477476576776,
    "4f2w": 8.747321946079976,
    "3p5o": 7.389784790767824,
    "3ivg": 5.604730875740567,
    "3syr": 4.590507940168992,
    "4hge": 7.001891790881059,
    "3uev": 6.058970367550173,
    "4ih5": 5.443351646329029,
    "4j3l": 7.137562835975375,
    "3fcq": 4.3751253953486815,
    "3zsx": 5.6498799069873185,
    "2brb": 6.539653955957506,
    "4ddh": 6.0891474575197755,
    "4ddk": 3.463403177642616,
    "3ebp": 6.652823231426349,
    "3mss": 4.6228067856667066,
    "1g2k": 9.289050618371148,
    "3gy4": 6.530231042430709,
    "1o3f": 6.505048005729926,
    "1eby": 8.531137358215553,
    "3u9q": 6.8493339669515585,
    "3u8k": 6.848727743946018,
    "3gr2": 4.556298985264986,
    "3ueu": 5.986916127589257,
    "4kzq": 7.460954789111021,
    "3zt2": 4.435662844097362,
    "1gpn": 5.557614389383542,
    "4agp": 6.633190360754351,
    "1qkt": 7.698105132733707,
    "2vw5": 5.620654444388886,
    "1k1i": 6.866912172541782,
    "2yge": 5.459074377565959,
    "3g0w": 8.814601093926143,
    "2xbv": 7.945658421847616,
    "4qd6": 7.516267809819027,
    "3ao4": 3.8838577585878227,
    "1p1q": 7.162354243132972,
    "3rr4": 7.112206919917992,
    "1e66": 6.057782159915372,
    "3uex": 6.635261821982722,
    "3twp": 4.628075210975928,
    "3aru": 4.476373236323846,
    "2wca": 6.012450308649955,
    "4k77": 7.353630355060887,
    "3o9i": 9.197071211748014,
    "4tmn": 6.57661757032893,
    "3bv9": 5.8033113912067815,
    "3uew": 6.578447262298193,
    "2qbr": 6.570115017827825,
    "2qbp": 6.347860202719218,
    "2w4x": 7.3096288797888205,
    "3e93": 8.908328792203735,
    "2al5": 6.3758359087281296,
    "3zdg": 3.30881889937745,
    "3gbb": 6.125688571652717,
    "4f09": 7.238585730892032,
    "3dx1": 6.478848503110903,
    "4ty7": 8.021450493701122,
    "3u8n": 7.1936565271977075,
    "4ivd": 7.8947640256485965,
    "3ary": 6.366445420926287,
    "3f3a": 4.195042948180641,
    "3fv1": 4.811854311821937,
    "3dx2": 6.426431699752363,
    "3uo4": 7.3659321272814795,
    "1mq6": 8.48032295846739,
    "4e5w": 7.971187683776898,
    "1z9g": 6.659174587198836,
    "3ozt": 6.106052103613746,
    "2wbg": 6.357686345993499,
    "1owh": 5.612410788691962,
    "4ea2": 5.545438148102497,
    "3f3d": 4.654039223976729,
    "1w4o": 5.422832724150632,
    "4gid": 7.35477149646742,
    "1gpk": 4.581578294603086,
    "4de2": 6.46306590846632,
    "2p4y": 5.31434241487422,
    "4m0z": 6.957630366535905,
    "2wtv": 6.985166640718438,
    "4eky": 5.120857848193795,
    "4w9c": 4.6702757817464144,
    "2p15": 6.657882608564749,
    "2zda": 7.3107057116752525,
    "4ivb": 8.344492083184523,
    "2yfe": 6.688091312311388,
    "2br1": 6.732251542025473,
    "3myg": 8.186674085344883,
    "3b1m": 5.889019752062085,
    "3ehy": 7.447166770977205,
    "3up2": 7.813750886805046,
    "5dwr": 8.718685749391863,
    "4j21": 5.530825168484521,
    "4w9h": 5.011495703622023,
    "1o5b": 4.551591022195534,
    "4crc": 8.95596489299319,
    "2zcr": 7.2456623962286315,
    "3g31": 5.216934725882017,
    "4gfm": 7.668795985937934,
    "2wn9": 5.969859959145399,
    "4kz6": 4.57538184246026,
    "1vso": 4.277844580676842,
    "1r5y": 6.192994305835734,
    "3uuo": 6.669944764144111,
    "4twp": 8.179221094589519,
    "2cbv": 2.6945297714452137,
    "3nw9": 6.38812216764575,
    "2ymd": 6.075763891738524,
    "3pxf": 4.901603673201445,
    "1bzc": 8.008811907592245,
    "3jvs": 7.26217094977123,
    "4gr0": 7.645550183355028,
    "2x00": 7.248533066046056,
    "2c3i": 6.922133092921707,
    "3udh": 5.097258854443353,
    "4cra": 7.537312094763448,
    "2fxs": 5.552687395160416,
    "4qac": 6.092278173059437,
    "2j78": 4.430329360279423,
    "4pcs": 5.997385659397731,
    "5aba": 5.891745086933146,
    "3qgy": 7.210513455006538,
    "3ui7": 7.3896355699054395,
    "3ozs": 5.632597589938844,
    "3wtj": 7.013925860905738,
    "3wz8": 4.31502168174481,
    "3b68": 6.17765780529221,
    "1lpg": 6.988761152350714,
    "1nc3": 6.779762600310252,
    "2wnc": 5.987783898068686,
    "3u5j": 6.761329240499392,
    "4eo8": 6.487755287147214,
    "3n7a": 5.76033717247631,
    "4kzu": 7.234619446640608,
    "1ydr": 6.239249175766913,
    "2cet": 7.070939958519818,
    "4agn": 6.505919414168101,
    "1p1n": 6.974691867743185,
    "3nx7": 7.56063247032772,
    "1ydt": 5.375704035513362,
    "3gv9": 4.792215149493936,
    "3tsk": 8.733552175395452,
    "3e5a": 6.790791597025396,
    "5c28": 7.357986765696168,
    "4de1": 4.25691558683844,
    "3k5v": 6.431081708879919,
    "4jia": 7.586682101394789,
    "1u1b": 5.183267336918004,
    "2zcq": 6.52111077725664,
    "3nq9": 6.092431113234088,
    "4de3": 6.5297083175981925,
    "2yki": 5.957816111239022,
    "3b27": 6.954858090553016,
    "4mgd": 6.7665896561813454,
    "1ps3": 5.852601223255169,
    "3kr8": 6.674472734825729,
    "1nc1": 6.734527807051843,
    "3bgz": 5.541832952262601,
    "1h22": 6.665376302373989,
    "1sqa": 6.553653752654466,
    "4gkm": 5.11244167963072,
    "3fur": 6.018548734431247,
    "4ogj": 7.47725377402137,
    "2w66": 5.649657493196505,
    "3ag9": 5.640420992512819,
    "2xii": 5.485631912386883,
    "4ciw": 6.454616183547429,
    "3ge7": 5.857347066618388,
    "1syi": 6.6891658021183416,
    "4llx": 5.1520479076627135,
    "4ivc": 8.188098913386748,
    "3kwa": 6.3514589921464575,
    "4jfs": 5.5810672713740335,
    "1z6e": 8.022828294721002,
    "4f3c": 8.77235613859913,
    "3d4z": 5.998059731036698,
    "4bkt": 4.5975281644530215,
    "2iwx": 6.218932154648268,
    "3r88": 4.104702824174356,
    "3acw": 5.772040377053796,
    "3coy": 4.891787087695035,
    "4jsz": 7.0865585325123694,
    "4f9w": 6.72652133996918,
    "1y6r": 9.759840378600044,